_step,time_per_step,consistency_loss,reconstruction_loss,step,_runtime,uniformity_loss,learning_rate,clip_loss,_timestamp,total_loss
1,1.9768803119659424,-2.0609888906619744e-08,0.5294116139411926,1,1805.474981041,0.9626526832580566,0.0001,0,1770474829.2289097,0.5775442719459534
2,1.0963513851165771,0.0020232261158525944,0.38479486107826233,2,1806.539357636,0.9956284165382385,0.0001,0,1770474956.743751,0.43461674451828003
8,1.0678670406341553,0.0019121540244668722,0.2089042216539383,8,1812.946438158,0.9972675442695618,0.0001,0,1770474963.1487713,0.2588058412075043
9,1.066478967666626,0.013840481638908386,0.19645649194717407,9,1814.013432343,0.9970608353614807,0.0001,0,1770474964.2160363,0.24658633768558502
10,1.06591796875,0.003251077840104699,0.16200192272663116,10,1815.082326154,0.9971395134925842,0.0001,0,1770474965.2831137,0.21192392706871033
12,1.0692033767700195,0.010776449926197529,0.16273045539855957,12,1817.223908462,0.997295618057251,0.0001,0,1770474967.4218926,0.21281076967716217
15,1.0722105503082275,0.046225469559431076,0.16541393101215363,15,1820.438846861,0.9963838458061218,0.0001,0,1770474970.6383643,0.21615763008594513
17,1.0693702697753906,0.15920498967170715,0.15143975615501404,17,1822.578111124,0.9964625835418701,0.0001,0,1770474972.7786987,0.20444698631763458
28,1.069385290145874,0.02518894337117672,0.1249706819653511,28,1834.351558305,0.9960625171661377,0.0001,0,1770474984.5512888,0.17527759075164795
29,1.0691914558410645,0.03552357107400894,0.13143876194953918,29,1835.422831365,0.9958032965660095,0.0001,0,1770474985.6212087,0.18193940818309784
32,1.0715117454528809,0.1630275696516037,0.13108856976032257,32,1838.642932901,0.9954859018325806,0.0001,0,1770474988.8383749,0.1841234266757965
34,1.071441411972046,0.14770381152629852,0.12955504655838013,34,1840.786734445,0.9953639507293701,0.0001,0,1770474990.984992,0.18227732181549072
42,1.0691518783569336,-1.9632011571957264e-08,0.11230172216892242,42,1849.579543392,0.9946296811103821,0.0001,0,1770474999.644321,0.16203320026397705
44,1.072026252746582,0.1298508495092392,0.12680202722549438,44,1851.724616623,0.9944480061531067,0.0001,0,1770475001.9220898,0.1791214495897293
45,1.0715744495391846,0.14685174822807312,0.11721915006637573,45,1852.796974304,0.9947317242622375,0.0001,0,1770475002.994336,0.16989277303218842
47,1.07041597366333,0.15672150254249573,0.12682399153709412,47,1854.938990474,0.9936580657958984,0.0001,0,1770475005.1379015,0.17964132130146027
48,1.0700292587280273,0.014208144508302212,0.12273957580327988,48,1856.008476311,0.9938719272613525,0.0001,0,1770475006.2087646,0.17271733283996582
49,1.0687787532806396,0.09479165077209473,0.11318589001893997,49,1857.07918803,0.9933919906616211,0.0001,0,1770475007.2782564,0.1647513210773468
53,1.0691604614257812,0.030608776956796646,0.11192157119512558,53,1861.358648311,0.9920416474342346,0.0001,0,1770475011.5587833,0.16213582456111908
59,1.0706264972686768,0.15038982033729553,0.1157057136297226,59,1867.798114511,0.9904300570487976,0.0001,0,1770475017.9970067,0.16823501884937286
61,1.071014642715454,-1.978725094886613e-08,0.10972144454717636,61,1869.942678846,0.989126443862915,0.0001,0,1770475020.1399088,0.159177765250206
62,1.071709394454956,0.07201967388391495,0.11090133339166641,62,1871.024895641,0.9891393780708313,0.0001,0,1770475021.2124488,0.16179870069026947
65,1.0737354755401611,0.037654388695955276,0.12266767770051956,65,1874.276145907,0.9895630478858948,0.0001,0,1770475024.4419181,0.17289891839027405
68,1.0701072216033936,0.028973614796996117,0.10528364777565002,68,1877.490537367,0.9861650466918945,0.0001,0,1770475027.6885703,0.15517137944698334
74,1.069540023803711,0.02571733668446541,0.11187902837991714,74,1883.918403306,0.9819965362548828,0.0001,0,1770475034.1164498,0.1614931970834732
75,1.0703253746032715,-2.0011384549434297e-08,0.09441284835338593,75,1884.989986074,0.9794873595237732,0.0001,0,1770475035.187885,0.14338721334934235
78,1.0700488090515137,0.027535509318113327,0.10201682895421982,78,1888.2078446,0.9816041588783264,0.0001,0,1770475038.4072776,0.15164774656295776
79,1.0695216655731201,0.11773897707462311,0.09753135591745377,79,1889.277757998,0.9776424169540405,0.0001,0,1770475039.477612,0.14876826107501984
86,1.0711262226104736,0.12474378198385239,0.10296384245157242,86,1896.788844506,0.9714131355285645,0.0001,0,1770475046.9855995,0.15402936935424805
87,1.0721354484558105,-1.9658784822240705e-08,0.0978117361664772,87,1897.862201275,0.9677774906158447,0.0001,0,1770475048.0584867,0.14620061218738556
89,1.0818555355072021,0.1295607089996338,0.10714858770370483,89,1900.015938559,0.9712749123573303,0.0001,0,1770475050.214657,0.15830354392528534
95,1.0705623626708984,-1.975138275156496e-08,0.10720100998878479,95,1906.44114788,0.9617342948913574,0.0001,0,1770475056.640182,0.1552877277135849
96,1.0698201656341553,0.1237872913479805,0.10660119354724884,96,1907.51215211,0.9587751626968384,0.0001,0,1770475057.7106922,0.15701569616794586
100,1.0762889385223389,0.029159288853406906,0.09200745075941086,100,1910.733831391,0.948917806148529,0.0001,0,1770475062.0016184,0.14003652334213257
103,1.0717449188232422,0.11259020119905472,0.10012136399745941,103,1915.027233565,0.9434075951576233,0.0001,0,1770475065.2242057,0.14954355359077454
105,1.0719783306121826,-1.9614333268691553e-08,0.09157075732946396,105,1917.170562876,0.9463474750518799,0.0001,0,1770475067.3697462,0.1388881355524063
107,1.0888781547546387,0.06320122629404068,0.08611245453357697,107,1919.331928638,0.9407790899276733,0.0001,0,1770475069.5299516,0.1344154328107834
110,1.069917917251587,0.13773097097873688,0.08053286373615265,110,1922.559044006,0.9345872402191162,0.0001,0,1770475072.757901,0.13001684844493866
113,1.0717246532440186,-1.986381903407164e-08,0.10218916833400726,113,1925.803396901,0.9284849762916565,0.0001,0,1770475075.9744456,0.14861342310905457
120,1.0710225105285645,-2.0052084437338635e-08,0.09130175411701202,120,1933.309257528,0.9227506518363953,0.0001,0,1770475083.5065634,0.1374392807483673
121,1.0715551376342773,-2.0017807855765568e-08,0.09658442437648773,121,1934.382221154,0.9245219230651855,0.0001,0,1770475084.5790858,0.14281052350997925
123,1.0708460807800293,-1.9979836451966548e-08,0.10375142842531204,123,1936.525240452,0.9180430769920349,0.0001,0,1770475086.7235935,0.1496535837650299
125,1.0708847045898438,-2.012069444390363e-08,0.10504428297281265,125,1938.668119147,0.9272735714912415,0.0001,0,1770475088.866645,0.15140795707702637
134,1.0713341236114502,0.019087016582489014,0.08483679592609406,134,1948.323487415,0.8891467452049255,0.0001,0,1770475098.5143042,0.12967586517333984
137,1.0725181102752686,0.037152402102947235,0.10055246204137802,137,1951.5453062,0.8918604850769043,0.0001,0,1770475101.741593,0.1458885371685028
144,1.0720393657684326,-2.021903355853283e-08,0.11289636045694351,144,1959.054742369,0.8875603675842285,0.0001,0,1770475109.2521977,0.15727438032627106
148,1.0731637477874756,-2.041889501924743e-08,0.09626428782939911,148,1963.348778466,0.8472123146057129,0.0001,0,1770475113.544975,0.138624906539917
150,1.0727531909942627,0.02440473809838295,0.10269613564014435,150,1965.496309639,0.8557077646255493,0.0001,0,1770475115.6930673,0.14596961438655853
151,1.0723886489868164,-2.0472270989557728e-08,0.08491867035627365,151,1966.568276268,0.8397894501686096,0.0001,0,1770475116.7661436,0.12690813839435577
154,1.0724925994873047,-2.0491881969064707e-08,0.09258907288312912,154,1969.785680076,0.828183650970459,0.0001,0,1770475119.9831874,0.13399825990200043
156,1.0702283382415771,0.11221304535865784,0.10673020780086517,156,1971.929975178,0.8207273483276367,0.0001,0,1770475122.126375,0.1500108391046524
158,1.07008695602417,0.10453926771879196,0.10264556854963303,158,1974.073223939,0.8128598928451538,0.0001,0,1770475124.27059,0.14537934958934784
162,1.0951638221740723,0.11151136457920074,0.08949235826730728,162,1978.389684138,0.8193904161453247,0.0001,0,1770475128.5859547,0.1326920986175537
163,1.0727627277374268,0.08890993148088455,0.08246776461601257,163,1979.462165573,0.8131744861602783,0.0001,0,1770475129.6594577,0.12490469217300415
167,1.07112717628479,0.09369803965091705,0.10036159306764603,167,1983.778790363,0.8123118281364441,0.0001,0,1770475133.9740155,0.14285114407539368
168,1.0738351345062256,-2.0527693322947016e-08,0.09216909110546112,168,1984.853978091,0.820774257183075,0.0001,0,1770475135.048594,0.1332077980041504
171,1.069605827331543,0.047265827655792236,0.08485569804906845,171,1988.09594117,0.8227418661117554,0.0001,0,1770475138.2942781,0.1269381046295166
173,1.0718073844909668,0.03272001072764397,0.1000770553946495,173,1990.242648939,0.8200018405914307,0.0001,0,1770475140.4384227,0.14173154532909393
175,1.076512098312378,-2.0682477952504996e-08,0.08205071091651917,175,1992.392168751,0.8019885420799255,0.0001,0,1770475142.5894153,0.12215013802051544
181,1.072504997253418,-2.063973170152167e-08,0.10081252455711365,181,1998.826838354,0.7944716215133667,0.0001,0,1770475149.022422,0.1405360996723175
183,1.0731103420257568,-2.0589368432410993e-08,0.0968867838382721,183,2000.974295929,0.8059083223342896,0.0001,0,1770475151.1706455,0.13718220591545105
186,1.0716500282287598,0.08326920866966248,0.08299600332975388,186,2004.193500579,0.7845402359962463,0.0001,0,1770475154.3892121,0.12388840317726135
194,1.0711863040924072,-2.058857262454694e-08,0.09049484133720398,194,2012.811510487,0.7738134860992432,0.0001,0,1770475163.0093665,0.1291855126619339
195,1.071190595626831,0.11267756670713425,0.089020736515522,195,2013.884371387,0.7848302125930786,0.0001,0,1770475164.0812721,0.13051579892635345
196,1.0720767974853516,0.030879581347107887,0.08376245945692062,196,2014.956857942,0.798186182975769,0.0001,0,1770475165.1540668,0.1242893636226654
199,1.070969581604004,0.08742954581975937,0.09809531271457672,199,2018.172037816,0.7706719040870667,0.0001,0,1770475168.3697405,0.13837750256061554
202,1.072573184967041,-2.0778770704055205e-08,0.11172553151845932,202,2021.389349417,0.7814655900001526,0.0001,0,1770475171.5871453,0.15079881250858307
204,1.0702252388000488,0.037410058081150055,0.09677747637033463,204,2023.531752754,0.7814959287643433,0.0001,0,1770475173.7300508,0.13660047948360443
210,1.073133945465088,-2.0651611976063577e-08,0.09424781054258347,210,2029.992000376,0.7735317945480347,0.0001,0,1770475180.189525,0.1329244077205658
214,1.0716781616210938,0.025048021227121353,0.08739426732063293,214,2034.374051614,0.7465301752090454,0.0001,0,1770475184.4900954,0.12522174417972565
215,1.1530156135559082,-2.075734073514468e-08,0.09164049476385117,215,2035.448363498,0.7692934274673462,0.0001,0,1770475185.6437488,0.1301051676273346
216,1.0736966133117676,-2.0745915207953658e-08,0.08830144256353378,216,2036.520378268,0.7777857184410095,0.0001,0,1770475186.718147,0.1271907240152359
218,1.0727992057800293,-2.0762797703355318e-08,0.09750182926654816,218,2038.665319629,0.77117919921875,0.0001,0,1770475188.8638513,0.13606078922748566
220,1.0709822177886963,-2.0590334770531626e-08,0.0912107601761818,220,2040.809677518,0.7871395349502563,0.0001,0,1770475191.0068572,0.130567729473114
226,1.091322898864746,0.10638272762298584,0.08307059109210968,226,2047.267165867,0.7574122548103333,0.0001,0,1770475197.4625893,0.12306886166334152
229,1.0721416473388672,0.13342100381851196,0.08246904611587524,229,2050.485208282,0.7495890855789185,0.0001,0,1770475200.6809874,0.12261692434549332
233,1.0701825618743896,-2.0830327684961958e-08,0.07382704317569733,233,2054.769438085,0.7406839728355408,0.0001,0,1770475204.968301,0.11086124181747437
234,1.0700716972351074,0.05429316312074661,0.08485529571771622,234,2055.83888527,0.7553110122680664,0.0001,0,1770475206.0392208,0.12370671331882477
235,1.06876802444458,0.0510471910238266,0.0913366973400116,235,2056.908955684,0.7442739009857178,0.0001,0,1770475207.1086872,0.129571333527565
237,1.0704166889190674,0.12855035066604614,0.08320622146129608,237,2059.050732619,0.7552125453948975,0.0001,0,1770475209.2499247,0.12353786081075668
239,1.0688197612762451,0.1275152862071991,0.07340267300605774,239,2061.192184352,0.7445483207702637,0.0001,0,1770475211.3899596,0.11318039894104004
241,1.0707077980041504,-2.0771608433278743e-08,0.07374753057956696,241,2063.33615621,0.7339264154434204,0.0001,0,1770475213.5337124,0.1104438528418541
242,1.071457862854004,0.11017417907714844,0.06690214574337006,242,2064.408379949,0.7248777151107788,0.0001,0,1770475214.6058822,0.10534951835870743
243,1.0714421272277832,-2.0739491901622387e-08,0.06469178199768066,243,2065.482230456,0.7268089056015015,0.0001,0,1770475215.6781306,0.10103222727775574
248,1.096428394317627,-2.068475168925943e-08,0.08396849036216736,248,2070.87301483,0.7009146213531494,0.0001,0,1770475221.0699944,0.11901421844959259
249,1.0719919204711914,-2.0717550341942115e-08,0.07376616448163986,249,2071.945075444,0.7070925235748291,0.0001,0,1770475222.142876,0.10912078619003296
252,1.0738961696624756,-2.065308990495396e-08,0.07152307033538818,252,2075.17071069,0.6860576868057251,0.0001,0,1770475225.3635921,0.10582596063613892
254,1.072169542312622,0.10359575599431992,0.08394291251897812,254,2077.316941497,0.675294041633606,0.0001,0,1770475227.513556,0.11977952718734741
260,1.0720834732055664,0.026683654636144638,0.08126162737607956,260,2083.7635277,0.6479792594909668,0.0001,0,1770475233.960108,0.11419425904750824
262,1.0738911628723145,0.046425461769104004,0.06028716266155243,262,2085.911666831,0.6532241702079773,0.0001,0,1770475236.1079648,0.09387688338756561
266,1.0722706317901611,0.0953584611415863,0.06456031650304794,266,2090.206510186,0.6303443908691406,0.0001,0,1770475240.4025002,0.09798470139503479
270,1.0728061199188232,0.11925017833709717,0.07951895147562027,270,2094.505033432,0.6429298520088196,0.0001,0,1770475244.6998773,0.11405044794082642
271,1.073918342590332,-2.0712093373731477e-08,0.07340147346258163,271,2095.57824044,0.637980580329895,0.0001,0,1770475245.7748196,0.10530050098896027
273,1.0715839862823486,0.09778133034706116,0.07818657159805298,273,2097.724517351,0.615665078163147,0.0001,0,1770475247.9204059,0.11092545092105865
274,1.0730319023132324,-2.1028654373367317e-08,0.07709983736276627,274,2098.79773452,0.6235689520835876,0.0001,0,1770475248.9942446,0.108278289437294
275,1.071967363357544,0.02106085792183876,0.08163078129291534,275,2099.872333398,0.6072890758514404,0.0001,0,1770475250.0671794,0.11241645365953445
280,1.0789806842803955,-2.0607274109352147e-08,0.0844697505235672,280,2105.24125537,0.6182918548583984,0.0001,0,1770475255.4364657,0.11538434028625488
283,1.071842908859253,-2.0878133000223897e-08,0.08369522541761398,283,2108.492316436,0.599164605140686,0.0001,0,1770475258.6570892,0.11365345865488052
284,1.1040239334106445,0.10938244313001633,0.07436929643154144,284,2109.564788219,0.5994077920913696,0.0001,0,1770475259.7619853,0.10652733594179153
293,1.070141315460205,0.08800677210092545,0.07822972536087036,293,2119.209359683,0.5636730194091797,0.0001,0,1770475269.4079456,0.10817351192235947
303,1.0710422992706299,0.016175925731658936,0.07340693473815918,303,2129.933419319,0.5588896870613098,0.0001,0,1770475280.130969,0.10167493671178818
305,1.072359561920166,0.11931424587965012,0.06834534555673599,305,2132.103062555,0.5639194250106812,0.0001,0,1770475282.2766716,0.09892760217189789
312,1.070772647857666,-2.1000403194193495e-08,0.08882351219654083,312,2139.609854944,0.5548865795135498,0.0001,0,1770475289.8089788,0.11656784266233444
317,1.0717594623565674,0.07539860904216766,0.08474060893058777,317,2144.96720144,0.5575328469276428,0.0001,0,1770475295.1650822,0.11412522941827774
318,1.0709354877471924,-2.082771288769436e-08,0.06778652966022491,318,2146.038570057,0.5361117124557495,0.0001,0,1770475296.2368798,0.09459211677312851
321,1.0690901279449463,0.02069230005145073,0.05893417447805405,321,2149.272602165,0.5507097244262695,0.0001,0,1770475299.4498227,0.08688350766897202
322,1.0915553569793701,0.1276164948940277,0.08772700279951096,322,2150.342549096,0.5958665609359741,0.0001,0,1770475300.5422196,0.12007266283035278
323,1.0681850910186768,0.018762696534395218,0.07391371577978134,323,2151.413414404,0.5447450876235962,0.0001,0,1770475301.611391,0.10152623057365417
324,1.0710604190826416,-2.0958225377398776e-08,0.09012193232774734,324,2152.484274881,0.5451743602752686,0.0001,0,1770475302.6830897,0.11738064885139465
325,1.0702424049377441,0.022480078041553497,0.08022835105657578,325,2153.556825061,0.5445595979690552,0.0001,0,1770475303.754083,0.10790593922138214
326,1.0717518329620361,-2.0839934222749434e-08,0.07628478109836578,326,2154.628377097,0.5659816265106201,0.0001,0,1770475304.826575,0.10458385944366455
328,1.0730459690093994,-2.0745062556670746e-08,0.0722501277923584,328,2156.772043147,0.5386663675308228,0.0001,0,1770475306.9718451,0.09918344765901566
331,1.070749044418335,0.023578613996505737,0.0632711872458458,331,2159.989739952,0.5362796783447266,0.0001,0,1770475310.1860096,0.09055674076080322
333,1.0731070041656494,-2.0660650079662446e-08,0.06752889603376389,333,2162.139081124,0.5514994859695435,0.0001,0,1770475312.333311,0.09510387480258942
338,1.070885419845581,0.01235300861299038,0.0673033595085144,338,2167.538266901,0.5324121713638306,0.0001,0,1770475317.704748,0.09417103230953217
341,1.0717499256134033,0.017215706408023834,0.08143381029367447,341,2170.75688102,0.5295083522796631,0.0001,0,1770475320.9549956,0.10825354605913162
342,1.070868968963623,0.045616909861564636,0.07498513162136078,342,2171.82867362,0.5719354748725891,0.0001,0,1770475322.0266387,0.10449424386024475
345,1.1028931140899658,0.07818016409873962,0.07759888470172882,345,2175.078769245,0.5300756692886353,0.0001,0,1770475325.2754505,0.10566627234220505
353,1.0696487426757812,0.03303169086575508,0.07320167124271393,353,2183.688562998,0.5275468826293945,0.0001,0,1770475333.887257,0.10023964941501617
354,1.070075511932373,-2.066025217573042e-08,0.08658984303474426,354,2184.758899128,0.5386947393417358,0.0001,0,1770475334.9582808,0.11352457851171494
355,1.0695610046386719,0.025105034932494164,0.06818810850381851,355,2185.830619131,0.5184646248817444,0.0001,0,1770475336.0285938,0.0946134403347969
359,1.0730624198913574,-2.0541222056635888e-08,0.08643396943807602,359,2190.121753197,0.5316084027290344,0.0001,0,1770475340.3166654,0.11301439255475998
361,1.0730342864990234,0.07803115248680115,0.0806553065776825,361,2192.268432622,0.5155553817749023,0.0001,0,1770475342.4654818,0.1079936996102333
363,1.0727200508117676,-2.0768311514984816e-08,0.06671450287103653,363,2194.414458007,0.5230574011802673,0.0001,0,1770475344.611658,0.09286737442016602
365,1.0713374614715576,-2.0716129256470595e-08,0.07167842239141464,365,2196.56851198,0.5036443471908569,0.0001,0,1770475346.7562234,0.09686063975095749
370,1.0715489387512207,0.07147829234600067,0.07490019500255585,370,2201.938751828,0.5126677751541138,0.0001,0,1770475352.1362271,0.10196314752101898
371,1.0713443756103516,0.07771002501249313,0.07130872458219528,371,2203.012573895,0.5060603618621826,0.0001,0,1770475353.2085655,0.09816594421863556
373,1.0741620063781738,-2.072141569442465e-08,0.06759294122457504,373,2205.161276253,0.5067188739776611,0.0001,0,1770475355.357206,0.09292888641357422
376,1.0726118087768555,-2.0630295693990774e-08,0.07947301119565964,376,2208.381169266,0.5239585638046265,0.0001,0,1770475358.5780847,0.10567094385623932
380,1.0916588306427002,0.06818177551031113,0.07436703145503998,380,2212.698935541,0.5028491020202637,0.0001,0,1770475362.8878217,0.10087312012910843
382,1.073066234588623,0.08269054442644119,0.08246215432882309,382,2214.846796921,0.5113129615783691,0.0001,0,1770475365.0424006,0.1096816137433052
384,1.2098395824432373,-2.0675486211985117e-08,0.06811418384313583,384,2217.130625328,0.5100042819976807,0.0001,0,1770475367.3270938,0.09361439943313599
390,1.0809917449951172,-2.0816969481529668e-08,0.07241181284189224,390,2223.581755114,0.5154480934143066,0.0001,0,1770475373.7789505,0.09818422049283981
391,1.071786642074585,-2.0689469693024876e-08,0.07050742954015732,391,2224.656717227,0.5015032291412354,0.0001,0,1770475374.851425,0.09558258950710297
397,1.0726661682128906,-2.0995969407522352e-08,0.07275944203138351,397,2231.128135525,0.504422664642334,0.0001,0,1770475381.3234732,0.0979805737733841
399,1.0725643634796143,0.09036532044410706,0.06351760029792786,399,2233.275089374,0.47797298431396484,0.0001,0,1770475383.4712424,0.08922355622053146
402,1.0721070766448975,0.028982896357774734,0.05920793488621712,402,2236.491020288,0.48946860432624817,0.0001,0,1770475386.6899147,0.08426102250814438
405,1.071345567703247,0.10533701628446579,0.06102362275123596,405,2239.708059439,0.4844803214073181,0.0001,0,1770475389.903251,0.087354376912117
406,1.0735342502593994,-2.0818333723582327e-08,0.0696946233510971,406,2240.78112229,0.48354947566986084,0.0001,0,1770475390.9777381,0.09387210011482239
407,1.0722370147705078,0.08276861906051636,0.07999525964260101,407,2241.853720976,0.49020516872406006,0.0001,0,1770475392.0507927,0.10616088658571243
408,1.0718913078308105,0.08232618868350983,0.06853603571653366,408,2242.926679685,0.48433470726013184,0.0001,0,1770475393.1234343,0.09439929574728012
411,1.071286678314209,-2.083470462821424e-08,0.07924818992614746,411,2246.142790542,0.5073766708374023,0.0001,0,1770475396.3413992,0.10461702197790146
413,1.0704162120819092,0.02044546604156494,0.06505165249109268,413,2248.293824953,0.48248931765556335,0.0001,0,1770475398.483705,0.08958502858877182
414,1.0790810585021973,0.021872511133551598,0.061664704233407974,414,2249.367629139,0.4528292119503021,0.0001,0,1770475399.5635335,0.08474361896514893
422,1.0710577964782715,0.0753987580537796,0.05825222656130791,422,2257.947865046,0.44121265411376953,0.0001,0,1770475408.1446972,0.08182083815336227
426,1.0721089839935303,-2.0787865651072934e-08,0.07533057034015656,426,2262.240636061,0.4363836646080017,0.0001,0,1770475412.4386718,0.09714975208044052
430,1.1036431789398193,-2.0820323243242456e-08,0.06691150367259979,430,2266.567977257,0.4261818528175354,0.0001,0,1770475416.7588136,0.08822059631347656
431,1.0778625011444092,-2.072295046673389e-08,0.07233981043100357,431,2267.671166704,0.4149758219718933,0.0001,0,1770475417.8375993,0.09308860450983047
432,1.1023731231689453,0.02161509171128273,0.06834390759468079,432,2268.743248933,0.42796939611434937,0.0001,0,1770475418.9408505,0.09017468243837357
442,1.0717813968658447,0.03256731480360031,0.07089405506849289,442,2279.473727922,0.3977525234222412,0.0001,0,1770475429.6648448,0.09143302589654922
444,1.0784692764282227,0.029123401269316673,0.06223822757601738,444,2281.624781898,0.4165405035018921,0.0001,0,1770475431.8226814,0.0836477279663086
445,1.0709311962127686,0.09673725068569183,0.06200243532657623,445,2282.697543809,0.42094969749450684,0.0001,0,1770475432.8945363,0.0849846675992012
446,1.071906328201294,0.015162546187639236,0.06812650710344315,446,2283.76930841,0.41679489612579346,0.0001,0,1770475433.9672081,0.08926950395107269
448,1.0703330039978027,0.024353306740522385,0.06214762106537819,448,2285.914464761,0.3958374261856079,0.0001,0,1770475436.1101222,0.08242655545473099
451,1.0694782733917236,0.10033302009105682,0.0704985186457634,451,2289.130813784,0.4081075191497803,0.0001,0,1770475439.3279123,0.09291055053472519
452,1.071807622909546,0.06176770105957985,0.07009708136320114,452,2290.202313433,0.3684860169887543,0.0001,0,1770475440.4004812,0.08975673466920853
456,1.070566177368164,-2.110073182848282e-08,0.06723979115486145,456,2294.491105303,0.3570980131626129,0.0001,0,1770475444.6874602,0.08509469032287598
457,1.072418451309204,-2.104866325680632e-08,0.05956494063138962,457,2295.562815535,0.37681877613067627,0.0001,0,1770475445.7607274,0.07840587943792343
458,1.070685863494873,0.06890499591827393,0.06709112972021103,458,2296.635541641,0.3562015891075134,0.0001,0,1770475446.83247,0.08627931028604507
463,1.0702414512634277,-2.0915422282996587e-08,0.05875550955533981,463,2302.001994237,0.3355843424797058,0.0001,0,1770475452.199037,0.07553473114967346
469,1.0702288150787354,-2.081998218272929e-08,0.06126967445015907,469,2308.434638425,0.32916003465652466,0.0001,0,1770475458.6330767,0.07772767543792725
472,1.0704498291015625,0.0357760414481163,0.0689707025885582,472,2311.648599186,0.350532203912735,0.0001,0,1770475461.8455954,0.08721283823251724
473,1.0718848705291748,-2.0881316231680103e-08,0.0713982954621315,473,2312.721890727,0.3618769645690918,0.0001,0,1770475462.9182239,0.08949214220046997
480,1.0701825618743896,-2.0891491203656187e-08,0.06519071757793427,480,2320.234830983,0.327589213848114,0.0001,0,1770475470.4309335,0.08157017827033997
482,1.0720036029815674,0.06130584329366684,0.06271801888942719,482,2322.408099951,0.3398791551589966,0.0001,0,1770475472.577329,0.08093809336423874
489,1.0709407329559326,-2.0899562969134422e-08,0.0670056864619255,489,2329.931543304,0.3522109091281891,0.0001,0,1770475480.1289701,0.08461622893810272
491,1.070936679840088,-2.0683785351138795e-08,0.0660441666841507,491,2332.078446803,0.332141250371933,0.0001,0,1770475482.2730663,0.08265122771263123
496,1.0696275234222412,0.06010543927550316,0.06970604509115219,496,2337.438473256,0.32520610094070435,0.0001,0,1770475487.636647,0.08716845512390137
498,1.077920913696289,-2.081776528939372e-08,0.06502967327833176,498,2339.590547565,0.3260507583618164,0.0001,0,1770475489.7873142,0.08133221417665482
504,1.0820162296295166,-2.085641881421907e-08,0.0596482940018177,504,2346.519441029,0.34489646553993225,0.0001,0,1770475496.7131379,0.07689312100410461
505,1.0746877193450928,-2.071863036690047e-08,0.06399152427911758,505,2347.592645665,0.3318408727645874,0.0001,0,1770475497.7890594,0.08058357238769531
506,1.0724694728851318,0.0755566880106926,0.056265659630298615,506,2348.66600397,0.3376806676387787,0.0001,0,1770475498.862357,0.07466083019971848
516,1.0716753005981445,0.04838333651423454,0.05414320155978203,516,2359.451659656,0.308550626039505,0.0001,0,1770475509.6463346,0.07053840160369873
523,1.0729455947875977,-2.073056748486124e-08,0.06053836643695831,523,2366.977521793,0.33587777614593506,0.0001,0,1770475517.1729794,0.0773322582244873
527,1.0951564311981201,0.026742536574602127,0.060601312667131424,527,2371.295010645,0.33286771178245544,0.0001,0,1770475521.4913912,0.07777954638004303
531,1.0706098079681396,0.022184986621141434,0.0605851449072361,531,2375.586137859,0.32781121134757996,0.0001,0,1770475525.7813704,0.07741940021514893
532,1.0736193656921387,-2.066661863864283e-08,0.05552013963460922,532,2376.659626691,0.32005757093429565,0.0001,0,1770475526.8559363,0.071523018181324
535,1.0942678451538086,-2.0508537090790924e-08,0.05839282646775246,535,2379.903379263,0.31485873460769653,0.0001,0,1770475530.099012,0.07413576543331146
536,1.0731215476989746,0.02567264437675476,0.06458105146884918,536,2380.974882252,0.323719322681427,0.0001,0,1770475531.1730125,0.08128046989440918
540,1.0706393718719482,0.020120538771152496,0.06733629107475281,540,2385.260759428,0.3157741129398346,0.0001,0,1770475535.4576323,0.08352740854024887
542,1.070967197418213,0.02036622166633606,0.06886562705039978,542,2387.404444807,0.3357137441635132,0.0001,0,1770475537.6022253,0.08605863898992538
543,1.071141004562378,0.07858513295650482,0.06262485682964325,543,2388.477714894,0.3298751711845398,0.0001,0,1770475538.6741118,0.08069031685590744
544,1.0726001262664795,0.05223674699664116,0.0713655948638916,544,2389.551591188,0.3116248846054077,0.0001,0,1770475539.747426,0.08799157291650772
548,1.0964140892028809,-2.0481365936575457e-08,0.06864770501852036,548,2393.868556165,0.3365187644958496,0.0001,0,1770475544.0670402,0.08547364175319672
549,1.070427417755127,0.062210164964199066,0.05911868065595627,549,2394.941280552,0.31391170620918274,0.0001,0,1770475545.1383655,0.07605846971273422
551,1.0707650184631348,0.07265552133321762,0.06957956403493881,551,2397.086044846,0.32442814111709595,0.0001,0,1770475547.2826111,0.08725408464670181
552,1.0725078582763672,0.02048311196267605,0.05929683893918991,552,2398.1595489,0.3128715455532074,0.0001,0,1770475548.3557687,0.0753500759601593
554,1.106691598892212,0.027839619666337967,0.06703463941812515,554,2400.339064519,0.3141636252403259,0.0001,0,1770475550.5367851,0.08329961448907852
556,1.0973854064941406,0.07066132128238678,0.05901339650154114,556,2402.510814829,0.3265952169895172,0.0001,0,1770475552.7068992,0.07675638794898987
560,1.0704474449157715,0.015637269243597984,0.06435886025428772,560,2406.805759446,0.33199775218963623,0.0001,0,1770475556.9948084,0.08127149194478989
568,1.0738329887390137,0.06462763249874115,0.07421021908521652,568,2415.406517319,0.3153405785560608,0.0001,0,1770475565.6019042,0.09126979857683182
569,1.0735716819763184,-2.0414915979927173e-08,0.05452476441860199,569,2416.480850511,0.31825917959213257,0.0001,0,1770475566.676196,0.0704377219080925
571,1.072871208190918,0.02672395668923855,0.05253211408853531,571,2418.626608342,0.34160470962524414,0.0001,0,1770475568.8242536,0.0701468363404274
574,1.0719709396362305,-2.0606250927812653e-08,0.06538276374340057,574,2421.845463273,0.32175499200820923,0.0001,0,1770475572.0425835,0.08147051185369492
578,1.071446180343628,-2.0592324290191755e-08,0.050812382251024246,578,2426.134130456,0.30609965324401855,0.0001,0,1770475576.332261,0.06611736118793488
581,1.0711557865142822,0.08021566271781921,0.06312099099159241,581,2429.350182994,0.32041531801223755,0.0001,0,1770475579.5461335,0.08074606955051422
584,1.0743029117584229,-2.074187932521454e-08,0.06718050688505173,584,2432.573043166,0.340861052274704,0.0001,0,1770475582.7689357,0.08422356098890305
587,1.074998140335083,-2.0688787571998546e-08,0.06053425371646881,587,2435.798088226,0.3363034725189209,0.0001,0,1770475585.9944766,0.07734942436218262
590,1.074143648147583,0.01868409290909767,0.06552806496620178,590,2439.018521568,0.3131330907344818,0.0001,0,1770475589.2167075,0.08155840635299683
594,1.070967197418213,-2.065252147076535e-08,0.059669651091098785,594,2443.304481331,0.315191388130188,0.0001,0,1770475593.501524,0.07542922347784042
596,1.073249101638794,-2.068412641165196e-08,0.050121862441301346,596,2445.452392568,0.31910550594329834,0.0001,0,1770475595.6482096,0.06607713550329208
600,1.0712482929229736,0.07167883217334747,0.0579456202685833,600,2448.701093898,0.31678295135498047,0.0001,0,1770475599.9709473,0.07521834224462509
601,1.071516990661621,0.06403782963752747,0.056571461260318756,601,2450.849096645,0.30975282192230225,0.0001,0,1770475601.0433798,0.07333985716104507
602,1.074650526046753,-2.0863353711320087e-08,0.0662810355424881,602,2451.923478733,0.33658769726753235,0.0001,0,1770475602.1188097,0.08311042189598083
603,1.0736618041992188,0.03867754340171814,0.057783327996730804,603,2452.996721394,0.31455928087234497,0.0001,0,1770475603.1931906,0.07428484410047531
606,1.0708184242248535,0.07783164083957672,0.060930848121643066,606,2456.214651663,0.3232923150062561,0.0001,0,1770475606.412626,0.07865209877490997
613,1.0707714557647705,0.044577792286872864,0.04925987869501114,613,2463.75425452,0.2932695746421814,0.0001,0,1770475613.9513881,0.06481491774320602
614,1.0716044902801514,-2.0681170553871198e-08,0.06076731160283089,614,2464.836557453,0.3022004961967468,0.0001,0,1770475615.0237248,0.07587733864784241
615,1.0791285037994385,-2.0681909518316388e-08,0.06409274786710739,615,2465.910983924,0.31983721256256104,0.0001,0,1770475616.1060643,0.08008460700511932
621,1.0747349262237549,-2.0470736217248486e-08,0.055209968239068985,621,2472.39556881,0.303000271320343,0.0001,0,1770475622.590718,0.0703599825501442
628,1.0727558135986328,-2.0755635432578856e-08,0.058418650180101395,628,2479.922412751,0.33525973558425903,0.0001,0,1770475630.1190372,0.07518163323402405
629,1.0722286701202393,-2.0596701233444037e-08,0.05827663093805313,629,2480.994310643,0.32804107666015625,0.0001,0,1770475631.1920667,0.0746786892414093
630,1.071155309677124,-2.0673041944974102e-08,0.059753865003585815,630,2482.066571167,0.3170489966869354,0.0001,0,1770475632.2640638,0.0756063163280487
631,1.0712661743164062,-2.062284920612001e-08,0.05821795389056206,631,2483.138242747,0.29932260513305664,0.0001,0,1770475633.3362796,0.07318408787250519
633,1.0712337493896484,-2.036472324107308e-08,0.05648321285843849,633,2485.282331861,0.30225008726119995,0.0001,0,1770475635.4800878,0.07159571349620819
634,1.070908546447754,-2.0547815893223742e-08,0.058461617678403854,634,2486.353933552,0.3204730749130249,0.0001,0,1770475636.5520682,0.07448527216911316
636,1.0962684154510498,0.04908229783177376,0.06321493536233902,636,2488.525850541,0.3036504089832306,0.0001,0,1770475638.7208052,0.07937909662723541
637,1.0738468170166016,-2.0770812625414692e-08,0.055936433374881744,637,2489.600190927,0.30448901653289795,0.0001,0,1770475639.795538,0.07116088271141052
640,1.0749127864837646,0.0744769275188446,0.046103138476610184,640,2492.824781007,0.3047105371952057,0.0001,0,1770475643.0197482,0.06282820552587509
641,1.0735485553741455,0.06215471774339676,0.0651480108499527,641,2493.898941557,0.30527445673942566,0.0001,0,1770475644.094489,0.08165482431650162
644,1.070490837097168,0.0843668282032013,0.056570738554000854,644,2497.117296082,0.3338019847869873,0.0001,0,1770475647.3132787,0.07494816929101944
645,1.0726325511932373,-2.0645643417083193e-08,0.061328426003456116,645,2498.18932508,0.3340090811252594,0.0001,0,1770475648.38702,0.07802888005971909
648,1.074005365371704,-2.0526215394056635e-08,0.05547258257865906,648,2501.412373994,0.2984501123428345,0.0001,0,1770475651.6080642,0.0703950896859169
651,1.0731372833251953,0.047052379697561264,0.049816813319921494,651,2504.635552689,0.3196585774421692,0.0001,0,1770475654.8310132,0.06674078851938248
652,1.0732738971710205,0.02448952943086624,0.057844191789627075,652,2505.707274405,0.3081326484680176,0.0001,0,1770475655.9051895,0.07374061644077301
657,1.0741398334503174,-2.0654283616750035e-08,0.06897638738155365,657,2511.071359634,0.325041800737381,0.0001,0,1770475661.26793,0.08522848039865494
660,1.0721943378448486,-2.0716356630146038e-08,0.05646655708551407,660,2514.294778184,0.3054797351360321,0.0001,0,1770475664.490244,0.0717405453324318
662,1.0737555027008057,-2.035989155046991e-08,0.06425467133522034,662,2516.443998519,0.30270764231681824,0.0001,0,1770475666.63909,0.07939005643129349
665,1.0740535259246826,-2.048852820735192e-08,0.06113944947719574,665,2519.67394731,0.3086627721786499,0.0001,0,1770475669.8623412,0.07657258957624435
672,1.0738027095794678,-2.0448226223379606e-08,0.05718003585934639,672,2527.194674275,0.3219858407974243,0.0001,0,1770475677.3760428,0.07327932864427567
677,1.0716345310211182,0.0668444111943245,0.0497194342315197,677,2532.592065651,0.2997552156448364,0.0001,0,1770475682.7603295,0.06604408472776413
678,1.1006534099578857,0.012970199808478355,0.057249896228313446,678,2533.666597699,0.31739741563796997,0.0001,0,1770475683.8617675,0.07337917387485504
681,1.071808099746704,0.04865611344575882,0.06484803557395935,681,2536.887727183,0.2976904809474945,0.0001,0,1770475687.0840442,0.0807056799530983
685,1.0731892585754395,-2.058357040368719e-08,0.048464085906744,685,2541.19603711,0.32032114267349243,0.0001,0,1770475691.393108,0.06448014080524445
690,1.0747110843658447,-2.0854599824815523e-08,0.06617362797260284,690,2546.591939816,0.3144925832748413,0.0001,0,1770475696.76303,0.08189825713634491
693,1.0713269710540771,0.06920360028743744,0.06320550292730331,693,2549.839765622,0.31151074171066284,0.0001,0,1770475700.006731,0.08016511052846909
699,1.073979139328003,0.07745387405157089,0.05963820964097977,699,2556.301029789,0.3216063380241394,0.0001,0,1770475706.4805284,0.0772676095366478
700,1.0893807411193848,-2.0771949493791908e-08,0.05597388744354248,700,2556.301338858,0.31162965297698975,0.0001,0,1770475707.5711234,0.07155536860227585
701,1.0740995407104492,0.06989896297454834,0.05346130579710007,701,2558.450623231,0.3063184320926666,0.0001,0,1770475708.646667,0.07017520815134048
703,1.0800771713256836,0.0613049641251564,0.054553501307964325,703,2560.603787494,0.3000943064689636,0.0001,0,1770475710.8013275,0.0707843154668808
704,1.0710856914520264,0.07738533616065979,0.05092499405145645,704,2561.67837025,0.3099939823150635,0.0001,0,1770475711.8734381,0.06797239929437637
707,1.0995771884918213,-2.079804062304902e-08,0.055508989840745926,707,2564.927698446,0.3106227219104767,0.0001,0,1770475715.123752,0.07104012370109558
708,1.0727574825286865,0.011607430875301361,0.05646524578332901,708,2565.998841279,0.30416974425315857,0.0001,0,1770475716.1973703,0.07190588116645813
710,1.0854148864746094,0.029240723699331284,0.05854027718305588,710,2568.157812507,0.30749690532684326,0.0001,0,1770475718.3547711,0.0744999349117279
711,1.0720093250274658,0.014498317614197731,0.047132160514593124,711,2569.273732935,0.3048892021179199,0.0001,0,1770475719.42756,0.06266658753156662
714,1.071927547454834,-2.0559923541441094e-08,0.046616312116384506,714,2572.493488642,0.31046348810195923,0.0001,0,1770475722.6897817,0.06213948875665665
717,1.0725479125976562,-2.068412641165196e-08,0.049897272139787674,717,2575.745816685,0.30512332916259766,0.0001,0,1770475725.9421313,0.06515343487262726
720,1.0722670555114746,-2.0631205188692547e-08,0.047800030559301376,720,2578.964681985,0.30770131945610046,0.0001,0,1770475729.1614695,0.06318509578704834
722,1.0709280967712402,-2.0647746623581043e-08,0.050571370869874954,722,2581.134380629,0.32108187675476074,0.0001,0,1770475731.306058,0.06662546098232269
726,1.0726149082183838,-2.0656443666666746e-08,0.05127663537859917,726,2585.428043465,0.30618709325790405,0.0001,0,1770475735.6250584,0.06658598780632019
728,1.0720422267913818,-2.0612787920981646e-08,0.044475868344306946,728,2587.572754897,0.294846773147583,0.0001,0,1770475737.7705173,0.05921820551156998
730,1.0701618194580078,0.027699775993824005,0.044432032853364944,730,2589.715176779,0.2938333749771118,0.0001,0,1770475739.9134235,0.05967769771814346
731,1.0706968307495117,-2.0618472262867726e-08,0.0503581203520298,731,2590.787604092,0.3000900149345398,0.0001,0,1770475740.9849057,0.06536261737346649
750,1.0728540420532227,0.0834752693772316,0.045871395617723465,750,2611.292921052,0.31154757738113403,0.0001,0,1770475761.4896362,0.06311827898025513
751,1.0721585750579834,0.07144245505332947,0.03727855160832405,751,2612.367807223,0.28924161195755005,0.0001,0,1770475762.5625818,0.053169481456279755
752,1.0741307735443115,0.06677579879760742,0.04856504872441292,752,2613.449432315,0.2931707799434662,0.0001,0,1770475763.637434,0.06455910205841064
758,1.0730392932891846,0.011760102584958076,0.04660927504301071,758,2619.907075508,0.30384713411331177,0.0001,0,1770475770.1023722,0.06203683465719223
760,1.0752673149108887,-2.0686798052338418e-08,0.04067105054855347,760,2622.057137518,0.29550325870513916,0.0001,0,1770475772.252761,0.055446214973926544
761,1.0729756355285645,0.032269783318042755,0.05056014284491539,761,2623.136580673,0.3060745596885681,0.0001,0,1770475773.3269198,0.06650926917791367
763,1.0716145038604736,-2.0600282368832268e-08,0.04359595105051994,763,2625.283330481,0.28391343355178833,0.0001,0,1770475775.478843,0.05779162421822548
766,1.073303461074829,-2.074887106573442e-08,0.044466592371463776,766,2628.505467361,0.295132577419281,0.0001,0,1770475778.7007208,0.05922321975231171
767,1.0733959674835205,-2.0590164240275044e-08,0.04134343937039375,767,2629.579341943,0.29388946294784546,0.0001,0,1770475779.7750916,0.056037914007902145
768,1.0731267929077148,0.013747725635766983,0.04276271536946297,768,2630.654952596,0.2796224355697632,0.0001,0,1770475780.848994,0.05701879411935806
772,1.0722360610961914,0.06865040957927704,0.04685281962156296,772,2634.954107153,0.29537102580070496,0.0001,0,1770475785.1496332,0.06299438327550888
774,1.072876214981079,0.011647648178040981,0.04909379780292511,774,2637.100518662,0.2921582758426666,0.0001,0,1770475787.2975273,0.06393466144800186
775,1.0717477798461914,-2.080435024254257e-08,0.04480556398630142,775,2638.175150506,0.2958390712738037,0.0001,0,1770475788.3700838,0.05959751829504967
776,1.0736994743347168,-2.089865347443265e-08,0.04779275879263878,776,2639.248060494,0.31640952825546265,0.0001,0,1770475789.4446397,0.06361323595046997
781,1.0712871551513672,-2.076637883874355e-08,0.044484179466962814,781,2644.613094789,0.3062823414802551,0.0001,0,1770475794.8077066,0.05979829654097557
789,1.0707275867462158,-2.0792697341676103e-08,0.042756032198667526,789,2653.218986497,0.2815535068511963,0.0001,0,1770475803.4153247,0.05683370679616928
790,1.0721755027770996,0.021268034353852272,0.04179276153445244,790,2654.292220636,0.2767832577228546,0.0001,0,1770475804.4886563,0.05605728551745415
792,1.0719265937805176,0.065739706158638,0.04586990550160408,792,2656.440218207,0.2981331944465637,0.0001,0,1770475806.6345549,0.06209135800600052
794,1.0726244449615479,0.061074815690517426,0.04674061760306358,794,2658.588536076,0.29200226068496704,0.0001,0,1770475808.7832963,0.06256222724914551
798,1.0708544254302979,0.053288932889699936,0.04567701742053032,798,2662.879776337,0.29003503918647766,0.0001,0,1770475813.0774226,0.061244551092386246
801,1.0717792510986328,0.018181320279836655,0.05199940875172615,801,2666.106536186,0.29700541496276855,0.0001,0,1770475816.294058,0.06721330434083939
803,1.0838158130645752,0.07209736853837967,0.05206209048628807,803,2668.264192589,0.2994087338447571,0.0001,0,1770475818.4607012,0.06847447901964188
807,1.072340726852417,-2.0942593437212054e-08,0.05591941252350807,807,2672.557154357,0.3001421391963959,0.0001,0,1770475822.754181,0.07092651724815369
808,1.0716657638549805,0.09482069313526154,0.05678320676088333,808,2673.631237753,0.31342530250549316,0.0001,0,1770475823.8266358,0.07435088604688644
810,1.0719456672668457,0.008843252435326576,0.052337970584630966,810,2675.778319165,0.2954156696796417,0.0001,0,1770475825.9738061,0.06728561222553253
816,1.0717339515686035,-2.0910988496325444e-08,0.05206472799181938,816,2682.240098878,0.29483696818351746,0.0001,0,1770475832.437289,0.06680657714605331
818,1.0735266208648682,0.06599204242229462,0.04156135767698288,818,2684.390704758,0.28601622581481934,0.0001,0,1770475834.584291,0.057182010263204575
819,1.0728890895843506,-2.0937932276865467e-08,0.051396582275629044,819,2685.4648042,0.2989419102668762,0.0001,0,1770475835.66037,0.06634368002414703
824,1.072483777999878,0.02215713821351528,0.04613376781344414,824,2690.836887851,0.29962506890296936,0.0001,0,1770475841.0314603,0.06155816465616226
827,1.06998872756958,0.05038047209382057,0.04468250647187233,827,2694.051356076,0.2853167653083801,0.0001,0,1770475844.2492523,0.05995595455169678
829,1.0697932243347168,0.07324886322021484,0.03765559941530228,829,2696.193959838,0.2953742742538452,0.0001,0,1770475846.3917077,0.05388928949832916
831,1.0711512565612793,0.015013785101473331,0.04734266549348831,831,2698.338841555,0.2896372079849243,0.0001,0,1770475848.5357502,0.06212480366230011
840,1.0991144180297852,0.062618687748909,0.05331858620047569,840,2708.047632501,0.297819048166275,0.0001,0,1770475858.244225,0.06946191191673279
841,1.0719835758209229,0.052892379462718964,0.04124405235052109,841,2709.122653635,0.2783455550670624,0.0001,0,1770475859.3172462,0.056219179183244705
842,1.0741147994995117,0.060918375849723816,0.04604528844356537,842,2710.196386508,0.290162056684494,0.0001,0,1770475860.392314,0.061771757900714874
846,1.0711157321929932,0.02225569821894169,0.05355096980929375,846,2714.489337669,0.3061235547065735,0.0001,0,1770475864.6860774,0.0693022608757019
847,1.0717251300811768,0.07140347361564636,0.045913536101579666,847,2715.56229577,0.2890685200691223,0.0001,0,1770475865.75891,0.061795029789209366
848,1.0721559524536133,0.06639395654201508,0.04956496134400368,848,2716.635625969,0.2982097864151001,0.0001,0,1770475866.8319073,0.06580332666635513
854,1.1005871295928955,0.015855487436056137,0.0450727716088295,854,2723.169765862,0.2832261621952057,0.0001,0,1770475873.3666105,0.0595511868596077
859,1.0721945762634277,0.06855905055999756,0.04538276046514511,859,2728.533167391,0.2859671711921692,0.0001,0,1770475878.7305672,0.06105230003595352
864,1.0701172351837158,0.023040324449539185,0.04355333372950554,864,2733.917277409,0.29094311594963074,0.0001,0,1770475884.0951607,0.0585612989962101
866,1.0757174491882324,-2.0857441995758563e-08,0.04823600873351097,866,2736.06985832,0.27652400732040405,0.0001,0,1770475886.263632,0.06206221133470535
868,1.0728676319122314,-2.090712314384291e-08,0.05232600122690201,868,2738.216422829,0.2787521779537201,0.0001,0,1770475888.4135656,0.0662636086344719
873,1.0720787048339844,-2.0983293325116392e-08,0.05337141826748848,873,2743.579157917,0.29833465814590454,0.0001,0,1770475893.7759695,0.06828814744949341
877,1.0761208534240723,-2.089882400468923e-08,0.043782107532024384,877,2747.876790886,0.29919320344924927,0.0001,0,1770475898.073618,0.05874176695942879
881,1.070730209350586,0.05224676802754402,0.05537140741944313,881,2752.170715583,0.2791178226470947,0.0001,0,1770475902.367756,0.07037223130464554
883,1.070594072341919,0.013884077779948711,0.04387166351079941,883,2754.314801901,0.284803181886673,0.0001,0,1770475904.512038,0.05838950723409653
894,1.12552809715271,0.06719502061605453,0.04473675414919853,894,2766.196580842,0.2783552408218384,0.0001,0,1770475916.394089,0.059998415410518646
895,1.0712947845458984,-2.085863570755464e-08,0.04125671088695526,895,2767.270052618,0.27986323833465576,0.0001,0,1770475917.46623,0.05524987354874611
897,1.0722465515136719,-2.1063783606223296e-08,0.04627211019396782,897,2769.41488746,0.28509005904197693,0.0001,0,1770475919.612791,0.060526613146066666
898,1.0707321166992188,0.03531354293227196,0.04706733301281929,898,2770.488494723,0.2797611951828003,0.0001,0,1770475920.6844954,0.06176166236400604
901,1.0718326568603516,0.022505052387714386,0.045466579496860504,901,2773.706540761,0.2863438129425049,0.0001,0,1770475923.903997,0.06023387238383293
902,1.071178674697876,-2.099233142871526e-08,0.04622379317879677,902,2774.778939787,0.27116793394088745,0.0001,0,1770475924.9762292,0.05978219211101532
909,1.0716660022735596,0.021010875701904297,0.04181375354528427,909,2782.29252259,0.2728518545627594,0.0001,0,1770475932.490915,0.05587656423449516
910,1.0702998638153076,0.06347475945949554,0.038546375930309296,910,2783.365836152,0.274593323469162,0.0001,0,1770475933.5621512,0.05354553461074829
917,1.0919132232666016,-2.0931395283696475e-08,0.04932944476604462,917,2790.906360964,0.28047218918800354,0.0001,0,1770475941.1016836,0.0633530542254448
919,1.0735609531402588,-2.089024064844125e-08,0.03983847051858902,919,2793.056456762,0.26783064007759094,0.0001,0,1770475943.250453,0.05323000252246857
922,1.073415994644165,-2.0887625851173652e-08,0.04218470677733421,922,2796.2765589,0.27405714988708496,0.0001,0,1770475946.4737504,0.05588756501674652
923,1.0715522766113281,0.01902027800679207,0.043168630450963974,923,2797.370593147,0.2817237079143524,0.0001,0,1770475947.546205,0.057635221630334854
931,1.0724058151245117,-2.0950949419784592e-08,0.046422798186540604,931,2805.984381223,0.2790412902832031,0.0001,0,1770475956.1804013,0.06037486344575882
933,1.0781240463256836,-2.1025584828748833e-08,0.044578973203897476,933,2808.137442122,0.27108442783355713,0.0001,0,1770475958.3330271,0.05813319608569145
939,1.0723729133605957,0.07181577384471893,0.043749257922172546,939,2814.584360555,0.2653246521949768,0.0001,0,1770475964.780639,0.058451805263757706
942,1.0731799602508545,-2.0783829768333817e-08,0.04099525138735771,942,2817.8033261,0.2733011841773987,0.0001,0,1770475968.0012207,0.054660312831401825
943,1.0710434913635254,-2.0873869743809337e-08,0.04148299619555473,943,2818.876079665,0.26640865206718445,0.0001,0,1770475969.073023,0.054803431034088135
945,1.070786952972412,0.06282820552587509,0.03636469691991806,945,2821.018496059,0.26344600319862366,0.0001,0,1770475971.217314,0.05079355835914612
947,1.0705502033233643,-2.106685315084178e-08,0.04328387230634689,947,2823.160077925,0.2859954535961151,0.0001,0,1770475973.3594494,0.05758364498615265
949,1.071784257888794,-2.088040673697833e-08,0.04019292816519737,949,2825.305546102,0.27235954999923706,0.0001,0,1770475975.5024924,0.053810905665159225
957,1.0709307193756104,-2.0933498490194324e-08,0.0404147170484066,957,2833.887540855,0.27084043622016907,0.0001,0,1770475984.0816538,0.053956739604473114
960,1.071094274520874,0.011289629153907299,0.03999241814017296,960,2837.107590358,0.25555655360221863,0.0001,0,1770475987.302132,0.052996039390563965
965,1.0898168087005615,0.07234403491020203,0.03716539591550827,965,2842.511077624,0.27105414867401123,0.0001,0,1770475992.7074876,0.05216498300433159
966,1.0723602771759033,0.07622052729129791,0.041629351675510406,966,2843.586843841,0.27534639835357666,0.0001,0,1770475993.7806854,0.056921083480119705
969,1.0704309940338135,-2.0832885638810694e-08,0.03601287305355072,969,2846.803232494,0.2517319321632385,0.0001,0,1770475996.9995844,0.048599470406770706
975,1.0718331336975098,-2.0942025003023446e-08,0.03749292343854904,975,2853.266504629,0.25635719299316406,0.0001,0,1770476003.46527,0.050310783088207245
978,1.0721068382263184,0.07705847918987274,0.034580063074827194,978,2856.485333072,0.2575552761554718,0.0001,0,1770476006.680919,0.04899900034070015
980,1.0737056732177734,-2.104150098602986e-08,0.04095735773444176,980,2858.634166493,0.282548189163208,0.0001,0,1770476008.829491,0.05508476868271828
981,1.0731396675109863,-2.087557504637516e-08,0.03577949106693268,981,2859.709081493,0.2502322793006897,0.0001,0,1770476009.9038465,0.04829110577702522
982,1.073789119720459,-2.099642415487324e-08,0.03795916959643364,982,2860.790918901,0.24492229521274567,0.0001,0,1770476010.978692,0.0502052828669548
984,1.0733885765075684,-2.105622343151481e-08,0.04539347440004349,984,2862.940763895,0.25707483291625977,0.0001,0,1770476013.1349099,0.058247216045856476
986,1.0732474327087402,-2.08444816962583e-08,0.037923481315374374,986,2865.089379536,0.24716216325759888,0.0001,0,1770476015.2844615,0.0502815917134285
987,1.073469638824463,-2.1052926513220882e-08,0.04599905386567116,987,2866.16138522,0.256700336933136,0.0001,0,1770476016.359044,0.05883407220244408
993,1.0728731155395508,-2.0802531253139023e-08,0.03241431340575218,993,2872.604929664,0.24757693707942963,0.0001,0,1770476022.8025832,0.044793158769607544
995,1.071568250656128,0.06292115896940231,0.04090841859579086,995,2874.751223412,0.25036174058914185,0.0001,0,1770476024.9469762,0.05468492582440376
996,1.0727617740631104,0.06783832609653473,0.045122046023607254,996,2875.826434294,0.24229848384857178,0.0001,0,1770476026.0208275,0.058593735098838806
998,1.0747435092926025,0.01715793088078499,0.037079472094774246,998,2877.974832013,0.2426328957080841,0.0001,0,1770476028.171604,0.04955427721142769
999,1.0717089176177979,0.02568008005619049,0.04519953951239586,999,2879.047346557,0.25634223222732544,0.0001,0,1770476029.2445207,0.05853025242686272
1001,1.094376802444458,-2.0983577542210696e-08,0.04761205241084099,1001,2887.170257965,0.24878013134002686,0.0001,0,1770476037.3684297,0.06005106121301651
1005,1.071584939956665,0.01877337321639061,0.04371874779462814,1005,2891.467451745,0.2532206177711487,0.0001,0,1770476041.6580827,0.056755248457193375
1016,1.072474718093872,0.027921108528971672,0.04386650025844574,1016,2903.294267492,0.2648804485797882,0.0001,0,1770476053.490961,0.05766894295811653
1018,1.0732767581939697,-2.1222604118520394e-08,0.042884282767772675,1018,2905.441730127,0.2171339988708496,0.0001,0,1770476055.638103,0.053740981966257095
1019,1.0718412399291992,0.05577177554368973,0.04200148209929466,1019,2906.515763124,0.21284016966819763,0.0001,0,1770476056.7113123,0.053758926689624786
1020,1.0731830596923828,-2.116945552188554e-08,0.04117325693368912,1020,2907.591975471,0.22552615404129028,0.0001,0,1770476057.785381,0.05244956538081169
1021,1.075117826461792,0.004910039249807596,0.03550618141889572,1021,2908.680654922,0.21417665481567383,0.0001,0,1770476058.8615685,0.04631321504712105
1025,1.0709004402160645,0.013790656812489033,0.03853244706988335,1025,2912.972581832,0.21049630641937256,0.0001,0,1770476063.1713746,0.04933307692408562
1032,1.073892593383789,-2.123425701938686e-08,0.044502679258584976,1032,2920.482427453,0.21998237073421478,0.0001,0,1770476070.67837,0.055501796305179596
1033,1.072845220565796,-2.1229936919553438e-08,0.036764826625585556,1033,2921.556891135,0.2069925218820572,0.0001,0,1770476071.7520452,0.047114454209804535
1036,1.1088075637817383,0.06457656621932983,0.03416894003748894,1036,2924.816535682,0.1927356719970703,0.0001,0,1770476075.0092351,0.04509725794196129
1039,1.0738239288330078,-2.121538500432507e-08,0.0393170565366745,1039,2928.037894175,0.18502455949783325,0.0001,0,1770476078.234459,0.04856828600168228
1041,1.0726475715637207,0.023842891678214073,0.038626380264759064,1041,2930.184507685,0.1681499183177948,0.0001,0,1770476080.381209,0.04751073569059372
1042,1.0717272758483887,-2.119270448019961e-08,0.0397782176733017,1042,2931.256296802,0.16576409339904785,0.0001,0,1770476081.4541147,0.04806642234325409
1043,1.0708413124084473,0.06034629046916962,0.04209946095943451,1043,2932.328950135,0.17889736592769623,0.0001,0,1770476082.5258958,0.05225125700235367
1046,1.0727035999298096,0.06867187470197678,0.03765084967017174,1046,2935.55134329,0.16587015986442566,0.0001,0,1770476085.7471583,0.04731779545545578
1049,1.0719597339630127,-2.1187304355407832e-08,0.03680820390582085,1049,2938.82461145,0.15502065420150757,0.0001,0,1770476088.9956024,0.044559236615896225
1051,1.0732121467590332,0.05191618204116821,0.03428502380847931,1051,2940.971674221,0.15081992745399475,0.0001,0,1770476091.168299,0.042864345014095306
1054,1.071547508239746,0.07275614142417908,0.03561221435666084,1054,2944.187059257,0.1750021129846573,0.0001,0,1770476094.3856988,0.04581744596362114
1059,1.0720958709716797,0.06930287182331085,0.03784419968724251,1059,2949.561670485,0.1573493629693985,0.0001,0,1770476099.7583382,0.04709772393107414
1060,1.0719714164733887,0.024261008948087692,0.03141564875841141,1060,2950.634366757,0.16286689043045044,0.0001,0,1770476100.8313222,0.040044210851192474
1062,1.0749406814575195,-2.1136884242878295e-08,0.036760084331035614,1062,2952.830703872,0.14613193273544312,0.0001,0,1770476102.980117,0.04406668245792389
1069,1.0751893520355225,-2.127779907823424e-08,0.04088559374213219,1069,2960.348724774,0.16446062922477722,0.0001,0,1770476110.5451999,0.04910862445831299
1075,1.0721940994262695,-2.1162236407690216e-08,0.04141940549015999,1075,2966.787183178,0.13868924975395203,0.0001,0,1770476116.9854507,0.04835386946797371
1077,1.0725553035736084,0.06282427906990051,0.03401004895567894,1077,2968.93434891,0.14995814859867096,0.0001,0,1770476119.1303895,0.042764440178871155
1080,1.073378324508667,-2.1130745153641328e-08,0.0358240082859993,1080,2972.159029677,0.14296509325504303,0.0001,0,1770476122.353835,0.04297226294875145
1081,1.0733556747436523,-2.1091125290695345e-08,0.035143546760082245,1081,2973.233107166,0.1506023108959198,0.0001,0,1770476123.4286,0.042673662304878235
1083,1.072406530380249,0.06444407999515533,0.03736509382724762,1083,2975.37879204,0.1383306086063385,0.0001,0,1770476125.576065,0.045570507645606995
1084,1.0714240074157715,0.021567244082689285,0.04076286405324936,1084,2976.451489759,0.14991702139377594,0.0001,0,1770476126.6484125,0.048690058290958405
1085,1.0718114376068115,-2.1172922970436048e-08,0.03510383889079094,1085,2977.522683047,0.1575482040643692,0.0001,0,1770476127.7210548,0.04298124834895134
1087,1.0712721347808838,-2.136084731318988e-08,0.03797227889299393,1087,2979.674608476,0.12340972572565079,0.0001,0,1770476129.8643818,0.04414276406168938
1088,1.0789244174957275,-2.104775376210455e-08,0.036207206547260284,1088,2980.74840523,0.13193053007125854,0.0001,0,1770476130.9441957,0.04280373454093933
1092,1.0734515190124512,0.08114320039749146,0.047477081418037415,1092,2985.048186816,0.12569741904735565,0.0001,0,1770476135.242437,0.055384814739227295
1094,1.0724306106567383,0.07428646087646484,0.03827435523271561,1094,2987.194006861,0.1445484757423401,0.0001,0,1770476137.3910806,0.04698750749230385
1097,1.0729081630706787,-2.1074185951874824e-08,0.03972037881612778,1097,2990.44819909,0.12962761521339417,0.0001,0,1770476140.6435182,0.046201758086681366
1100,1.072150468826294,0.019747743383049965,0.04879603534936905,1100,2992.594795615,0.12294317781925201,0.0001,0,1770476143.8645859,0.05533814802765846
1104,1.0698535442352295,0.01882411353290081,0.04933615401387215,1104,2997.954687771,0.12152267247438431,0.0001,0,1770476148.1521835,0.05578877031803131
1107,1.0732555389404297,-2.1130517779965885e-08,0.04787217080593109,1107,3001.19441198,0.11754021048545837,0.0001,0,1770476151.3739917,0.05374918133020401
1108,1.089073896408081,0.06633993983268738,0.03847135230898857,1108,3002.267908546,0.11145088076591492,0.0001,0,1770476152.4638667,0.04537069424986839
1115,1.072481632232666,0.022165898233652115,0.04111864045262337,1115,3009.782638381,0.10177434980869293,0.0001,0,1770476159.976304,0.04665067419409752
1116,1.0746188163757324,0.012361006811261177,0.04683709517121315,1116,3010.857013168,0.09810936450958252,0.0001,0,1770476161.0520635,0.05198978632688522
1119,1.0717363357543945,-2.100568963214755e-08,0.042951542884111404,1119,3014.075096667,0.1093478575348854,0.0001,0,1770476164.2730794,0.048418935388326645
1120,1.0709633827209473,0.06573306024074554,0.04642216116189957,1120,3015.171723221,0.10862351208925247,0.0001,0,1770476165.3446782,0.05316799879074097
1122,1.0725820064544678,-2.101279505950515e-08,0.0483759380877018,1122,3017.318975399,0.10863842070102692,0.0001,0,1770476167.5147913,0.053807858377695084
1124,1.0731759071350098,0.04977079853415489,0.03687314689159393,1124,3019.468723103,0.09046314656734467,0.0001,0,1770476169.662643,0.04239172115921974
1126,1.0731701850891113,0.04216138273477554,0.04297976940870285,1126,3021.615301409,0.10802354663610458,0.0001,0,1770476171.8124661,0.04922417551279068
1133,1.1316478252410889,0.061078622937202454,0.03829547017812729,1133,3029.226438849,0.08285234123468399,0.0001,0,1770476179.4244504,0.04365965723991394
1134,1.0702922344207764,0.050954531878232956,0.03855273127555847,1134,3030.296661799,0.07654237747192383,0.0001,0,1770476180.4960244,0.043398939073085785
1136,1.0874435901641846,0.06610997766256332,0.035749711096286774,1136,3032.458349712,0.08724547922611237,0.0001,0,1770476182.6545315,0.04143418371677399
1137,1.0723185539245605,0.05766325443983078,0.03951656073331833,1137,3033.532187079,0.07987703382968903,0.0001,0,1770476183.728008,0.044663675129413605
1140,1.0724842548370361,-2.078058969345875e-08,0.038177717477083206,1140,3036.764740582,0.0956539586186409,0.0001,0,1770476186.9490173,0.04296041652560234
1143,1.075129747390747,-2.0883362594759092e-08,0.04051835089921951,1143,3040.001114626,0.08997519314289093,0.0001,0,1770476190.1840043,0.04501711204648018
1146,1.071012020111084,-2.0995457816752605e-08,0.03291432186961174,1146,3043.216337611,0.0860455185174942,0.0001,0,1770476193.4153602,0.03721659630537033
1163,1.087132215499878,-2.0870402295258828e-08,0.035301219671964645,1163,3061.493600137,0.06554959714412689,0.0001,0,1770476211.6895936,0.03857870027422905
1165,1.0723090171813965,-2.071010385407135e-08,0.03776351362466812,1165,3063.641872787,0.06292518973350525,0.0001,0,1770476213.8364449,0.0409097746014595
1166,1.0734329223632812,0.024665430188179016,0.030437692999839783,1166,3064.716981331,0.0568656325340271,0.0001,0,1770476214.9109135,0.03377428650856018
1167,1.073146104812622,-2.0951119950041175e-08,0.04382810741662979,1167,3065.790089511,0.0780051052570343,0.0001,0,1770476215.9866054,0.047728363424539566
1172,1.0912258625030518,0.06816203147172928,0.03848308324813843,1172,3071.179829754,0.06979440897703171,0.0001,0,1770476221.3742833,0.04333604499697685
1173,1.073883056640625,0.018010152503848076,0.052714843302965164,1173,3072.257328827,0.06724436581134796,0.0001,0,1770476222.4494572,0.05643726512789726
1174,1.0765624046325684,0.010095995850861073,0.03776595741510391,1174,3073.330310624,0.07356071472167969,0.0001,0,1770476223.5269067,0.04164591059088707
1179,1.0723652839660645,0.01654752716422081,0.04704711586236954,1179,3078.722609847,0.07630333304405212,0.0001,0,1770476228.919568,0.0511932335793972
1182,1.070585012435913,-2.1046673737146193e-08,0.04053012281656265,1182,3081.936472415,0.06280592828989029,0.0001,0,1770476232.1357138,0.0436704196035862
1183,1.0695297718048096,0.0632239356637001,0.04781053960323334,1183,3083.008340399,0.0788479894399643,0.0001,0,1770476233.2061362,0.05301741883158684
1186,1.0723400115966797,-2.0598861283360748e-08,0.03867305442690849,1186,3086.226055226,0.059977538883686066,0.0001,0,1770476236.4232912,0.041671931743621826
1187,1.0715923309326172,0.015942364931106567,0.0395505428314209,1187,3087.299009616,0.08447029441595078,0.0001,0,1770476237.495754,0.04409290477633476
1189,1.0736665725708008,0.013230408541858196,0.035728730261325836,1189,3089.448736299,0.06173045188188553,0.0001,0,1770476239.6431942,0.03907985985279083
1195,1.0722403526306152,-2.0884328932879725e-08,0.0398341529071331,1195,3095.890417091,0.07038772851228714,0.0001,0,1770476246.0866323,0.04335353896021843
1198,1.0935754776000977,0.060599446296691895,0.04152093082666397,1198,3099.131745515,0.05994635075330734,0.0001,0,1770476249.3311977,0.045730236917734146
1199,1.0696415901184082,0.052362099289894104,0.03748481720685959,1199,3100.205668622,0.06455330550670624,0.0001,0,1770476250.4015248,0.04175972566008568
1210,1.0726947784423828,-2.096771822834853e-08,0.03240370750427246,1210,3112.027497799,0.059423208236694336,0.0001,0,1770476262.2232,0.03537486866116524
1211,1.073134183883667,-2.103035967593314e-08,0.034273918718099594,1211,3113.100138962,0.06787878274917603,0.0001,0,1770476263.2971044,0.037667859345674515
1214,1.0993008613586426,-2.105844032485038e-08,0.03799636289477348,1214,3116.3463634,0.07218006253242493,0.0001,0,1770476266.5421705,0.04160536453127861
1216,1.0722441673278809,0.017576754093170166,0.0324026420712471,1216,3118.493805076,0.05311117321252823,0.0001,0,1770476268.6890469,0.03540973365306854
1217,1.0733528137207031,-2.088751216433593e-08,0.03640228137373924,1217,3119.56763186,0.051832716912031174,0.0001,0,1770476269.7632785,0.038993917405605316
1220,1.0700182914733887,0.059231653809547424,0.03604919835925102,1220,3122.80370106,0.08512290567159653,0.0001,0,1770476273.0003998,0.04148997366428375
1223,1.0733978748321533,-2.090001771648531e-08,0.03194563835859299,1223,3126.026515744,0.05710190162062645,0.0001,0,1770476276.2208648,0.034800734370946884
1227,1.0720305442810059,-2.0920140286762035e-08,0.034032441675662994,1227,3130.316937044,0.0536312460899353,0.0001,0,1770476280.5143843,0.03671400249004364
1229,1.1007893085479736,0.010002299211919308,0.03160732984542847,1229,3132.492572972,0.055244605988264084,0.0001,0,1770476282.688351,0.03456960618495941
1231,1.0723421573638916,0.07263423502445221,0.03498626872897148,1231,3134.638907926,0.07237353920936584,0.0001,0,1770476284.8353407,0.040057629346847534
1233,1.0705459117889404,0.012231430038809776,0.039051976054906845,1233,3136.783119742,0.06442918628454208,0.0001,0,1770476286.9802682,0.04251806437969208
1235,1.07206392288208,0.06697718799114227,0.03552103042602539,1235,3138.930761766,0.062311358749866486,0.0001,0,1770476289.125882,0.03997614234685898
1246,1.071293592453003,-2.107327645717305e-08,0.03857376053929329,1246,3150.742059007,0.059584829956293106,0.0001,0,1770476300.9415817,0.04155300185084343
1250,1.0730745792388916,0.059840790927410126,0.03625204786658287,1250,3155.065302547,0.06608428806066513,0.0001,0,1770476305.2605078,0.0407530777156353
1251,1.0735220909118652,-2.0915990717185196e-08,0.03241422399878502,1251,3156.138745564,0.055840492248535156,0.0001,0,1770476306.3348813,0.03520624712109566
1252,1.072632074356079,-2.0934407984896097e-08,0.03719090670347214,1252,3157.213099675,0.05522753298282623,0.0001,0,1770476307.4083295,0.03995228186249733
1253,1.0735249519348145,0.011472205631434917,0.0318579338490963,1253,3158.284298033,0.043566904962062836,0.0001,0,1770476308.4827156,0.03426572307944298
1254,1.0702691078186035,0.05232999473810196,0.03594382107257843,1254,3159.37266765,0.05608964338898659,0.0001,0,1770476309.5538797,0.03979489952325821
1255,1.0874788761138916,0.04794181138277054,0.031482044607400894,1255,3160.446224585,0.045754268765449524,0.0001,0,1770476310.6422954,0.03472859412431717
1257,1.0729436874389648,-2.1062362520751776e-08,0.03118169493973255,1257,3162.595136481,0.05817984417080879,0.0001,0,1770476312.7914732,0.034090686589479446
1258,1.0724923610687256,-2.1031496544310357e-08,0.0329948253929615,1258,3163.66672086,0.04830567538738251,0.0001,0,1770476313.864842,0.03541010990738869
1267,1.0731456279754639,0.05375819653272629,0.037046879529953,1267,3173.360685532,0.053230881690979004,0.0001,0,1770476323.5557303,0.0407835878431797
1270,1.0716204643249512,0.02086903713643551,0.035923875868320465,1270,3176.584675551,0.056215737015008926,0.0001,0,1770476326.7807596,0.03915204480290413
1271,1.0723927021026611,-2.092957629429293e-08,0.03581371530890465,1271,3177.657105075,0.06752770394086838,0.0001,0,1770476327.854318,0.03919009864330292
1272,1.0714671611785889,0.023639444261789322,0.0369882807135582,1272,3178.727712955,0.06123976781964302,0.0001,0,1770476328.926785,0.04052305594086647
1277,1.070873737335205,-2.1125629245943855e-08,0.041126567870378494,1277,3184.141458901,0.07364657521247864,0.0001,0,1770476334.337258,0.044808898121118546
1289,1.0700182914733887,-2.0989887161704246e-08,0.034725457429885864,1289,3197.010714221,0.05986911803483963,0.0001,0,1770476347.2092373,0.037718914449214935
1292,1.0711827278137207,0.012142129242420197,0.045110829174518585,1292,3200.230059584,0.0481238067150116,0.0001,0,1770476350.4249685,0.04775986447930336
1293,1.0736732482910156,-2.1113521597726503e-08,0.04005122929811478,1293,3201.304312407,0.04686511307954788,0.0001,0,1770476351.4997835,0.0423944853246212
1294,1.0732040405273438,-2.094168394251028e-08,0.040803179144859314,1294,3202.378789862,0.0453864187002182,0.0001,0,1770476352.573836,0.043072499334812164
1296,1.071690320968628,0.056910254061222076,0.03818587586283684,1296,3204.525325041,0.0620749332010746,0.0001,0,1770476354.7214155,0.04242783039808273
1299,1.0708296298980713,-2.0893992314086063e-08,0.03850116580724716,1299,3207.753466039,0.048040054738521576,0.0001,0,1770476357.9387949,0.04090316966176033
1300,1.0834474563598633,-2.094941464747535e-08,0.03942638635635376,1300,3207.753700591,0.050249770283699036,0.0001,0,1770476359.0235531,0.04193887487053871
1302,1.0717086791992188,-2.0908714759571012e-08,0.03573952615261078,1302,3210.972904605,0.048879172652959824,0.0001,0,1770476361.169853,0.038183484226465225
1304,1.0699970722198486,-2.112176389346132e-08,0.03545358404517174,1304,3213.115860301,0.05570797249674797,0.0001,0,1770476363.3135204,0.03823898360133171
1306,1.0734033584594727,0.017643596976995468,0.037173472344875336,1306,3215.26624078,0.05700402334332466,0.0001,0,1770476365.459783,0.04037654399871826
1310,1.0736055374145508,-2.0904792563669616e-08,0.03621833026409149,1310,3219.592396009,0.053879667073488235,0.0001,0,1770476369.7898645,0.03891231492161751
1312,1.072406530380249,0.047542184591293335,0.03337462618947029,1312,3221.740043322,0.04009249806404114,0.0001,0,1770476371.9355135,0.03633009269833565
1313,1.0732312202453613,0.05621454864740372,0.03438034653663635,1313,3222.814079542,0.05194280669093132,0.0001,0,1770476373.0096147,0.03810178115963936
1314,1.0733745098114014,-2.0853974547208054e-08,0.03401196002960205,1314,3223.88794594,0.044933103024959564,0.0001,0,1770476374.083819,0.03625861555337906
1318,1.0720455646514893,-2.1053779164503794e-08,0.03712056204676628,1318,3228.177507742,0.054370149970054626,0.0001,0,1770476378.3770063,0.03983907029032707
1320,1.0696494579315186,0.06705786287784576,0.03817116469144821,1320,3230.32065721,0.061216503381729126,0.0001,0,1770476380.517607,0.042573146522045135
1325,1.070791244506836,-2.0971754111087648e-08,0.03719868138432503,1325,3235.680913775,0.04401513934135437,0.0001,0,1770476385.8772376,0.039399437606334686
1328,1.0714800357818604,-2.0922811927448492e-08,0.0361877977848053,1328,3238.897946575,0.04990604892373085,0.0001,0,1770476389.0946746,0.038683101534843445
1329,1.071828842163086,-2.0976983705622843e-08,0.03038322553038597,1329,3239.98837415,0.04258500784635544,0.0001,0,1770476390.1675103,0.03251247480511665
1339,1.0722699165344238,0.010453395545482635,0.043290842324495316,1339,3250.781818211,0.04550202190876007,0.0001,0,1770476400.9783528,0.04577501118183136
1340,1.072033166885376,-2.0989318727515638e-08,0.04080985486507416,1340,3251.862139333,0.043753549456596375,0.0001,0,1770476402.0514128,0.04299753159284592
1341,1.0788357257843018,0.02302411198616028,0.03602590784430504,1341,3252.93669413,0.040275685489177704,0.0001,0,1770476403.1315348,0.03850017488002777
1343,1.0726299285888672,-2.095492845910485e-08,0.03886203095316887,1343,3255.082096257,0.043149907141923904,0.0001,0,1770476405.2799914,0.04101952537894249
1350,1.0712153911590576,-2.1026494323450606e-08,0.036658015102148056,1350,3262.605654776,0.047437720000743866,0.0001,0,1770476412.802271,0.03902989998459816
1354,1.0720274448394775,0.05804986506700516,0.03975876793265343,1354,3266.901342317,0.053544219583272934,0.0001,0,1770476417.0959926,0.04359697550535202
1360,1.069077491760254,0.06320846080780029,0.03998681902885437,1360,3273.334528011,0.062310416251420975,0.0001,0,1770476423.5315752,0.0443665087223053
1364,1.0744891166687012,-2.0857044091826538e-08,0.027391009032726288,1364,3277.631670612,0.040779873728752136,0.0001,0,1770476427.8273818,0.029430001974105835
1366,1.0727589130401611,0.046489134430885315,0.029886813834309578,1366,3279.779253725,0.04090888798236847,0.0001,0,1770476429.9749374,0.032862041145563126
1367,1.0729610919952393,0.06362800300121307,0.03568330407142639,1367,3280.852654056,0.05148119479417801,0.0001,0,1770476431.0488653,0.03952992334961891
1371,1.0759897232055664,-2.1000232663936913e-08,0.030963579192757607,1371,3285.15994579,0.03690183162689209,0.0001,0,1770476435.347157,0.03280866891145706
1372,1.0811495780944824,-2.0913773823849624e-08,0.031018700450658798,1372,3286.244755607,0.03194749727845192,0.0001,0,1770476436.4294784,0.03261607512831688
1378,1.07112717628479,-2.1072196432214696e-08,0.02944740280508995,1378,3292.693388862,0.048410769551992416,0.0001,0,1770476442.8819609,0.03186793997883797
1380,1.0743088722229004,0.04629181697964668,0.033285751938819885,1380,3294.844600608,0.04061774164438248,0.0001,0,1770476445.0382698,0.03624247387051582
1381,1.0746173858642578,-2.1000460037612356e-08,0.03537372872233391,1381,3295.924646805,0.04436560720205307,0.0001,0,1770476446.1142564,0.03759200870990753
1382,1.0789380073547363,-2.099727680615615e-08,0.0301300548017025,1382,3296.99613218,0.043511755764484406,0.0001,0,1770476447.1942008,0.03230564296245575
1389,1.0736873149871826,-2.108453145410749e-08,0.03249003738164902,1389,3304.532909141,0.04545380920171738,0.0001,0,1770476454.7272325,0.034762728959321976
1390,1.0743305683135986,-2.089444706143695e-08,0.03712086379528046,1390,3305.608882575,0.03504370525479317,0.0001,0,1770476455.8024924,0.03887305036187172
1396,1.07431960105896,-2.1060884591861395e-08,0.03157779946923256,1396,3312.092109101,0.05499197170138359,0.0001,0,1770476462.2881606,0.03432739898562431
1398,1.0736212730407715,-2.098374807246728e-08,0.03243270143866539,1398,3314.241675725,0.04964505881071091,0.0001,0,1770476464.4363256,0.034914955496788025
1400,1.0726268291473389,-2.074045823974302e-08,0.03046271950006485,1400,3315.3154575,0.04461165517568588,0.0001,0,1770476466.5853007,0.03269330412149429
1402,1.0719528198242188,0.059541456401348114,0.03449208289384842,1402,3318.533708922,0.05268913134932518,0.0001,0,1770476468.729753,0.038317371159791946
1406,1.073328971862793,-2.097681317536626e-08,0.045114610344171524,1406,3322.843658729,0.04148121923208237,0.0001,0,1770476473.029322,0.04718866944313049
1411,1.0700938701629639,0.04400063306093216,0.043436359614133835,1411,3328.208856346,0.03556348383426666,0.0001,0,1770476478.4063125,0.04609454795718193
1416,1.0739967823028564,-2.109015895257471e-08,0.042274340987205505,1416,3333.608454797,0.0565774068236351,0.0001,0,1770476483.7751045,0.04510321095585823
1417,1.1020622253417969,0.0533774197101593,0.04067264497280121,1417,3334.682039316,0.05458546802401543,0.0001,0,1770476484.877983,0.04446946829557419
1419,1.0741233825683594,0.015485180541872978,0.04079041630029678,1419,3336.830088073,0.0426986925303936,0.0001,0,1770476487.0266178,0.04323505237698555
1420,1.0724139213562012,0.015409399755299091,0.035827428102493286,1420,3337.903831878,0.0396849662065506,0.0001,0,1770476488.0998142,0.03811986744403839
1422,1.0720164775848389,0.017085852101445198,0.03947478160262108,1422,3340.04889476,0.055525027215480804,0.0001,0,1770476490.245027,0.04259274899959564
1426,1.0715594291687012,-2.1131143057573354e-08,0.0402606800198555,1426,3344.340768151,0.04556083679199219,0.0001,0,1770476494.5356135,0.04253872111439705
1427,1.0737617015838623,0.03536906838417053,0.03185596689581871,1427,3345.438065714,0.04183836281299591,0.0001,0,1770476495.6104844,0.034655265510082245
1431,1.0725882053375244,0.02225559391081333,0.03948964178562164,1431,3349.786187749,0.038304734975099564,0.0001,0,1770476499.9818857,0.04184998944401741
1433,1.0741362571716309,-2.1178266251808964e-08,0.03671468421816826,1433,3351.933408526,0.06200053542852402,0.0001,0,1770476502.1307611,0.03981471061706543
1434,1.0712313652038574,-2.1035646113887196e-08,0.03697388619184494,1434,3353.006666717,0.048591114580631256,0.0001,0,1770476503.2029831,0.03940344229340553
1435,1.0722050666809082,0.05392993986606598,0.03752624988555908,1435,3354.08220925,0.044029008597135544,0.0001,0,1770476504.2761428,0.04080629721283913
1440,1.0719139575958252,0.017004380002617836,0.0353427529335022,1440,3359.452331959,0.05147067457437515,0.0001,0,1770476509.6478117,0.03825637698173523
1448,1.0713484287261963,0.04745551943778992,0.030864883214235306,1448,3368.034706577,0.036957040429115295,0.0001,0,1770476518.2309642,0.033661846071481705
1453,1.084475040435791,-2.1030416519352002e-08,0.028479769825935364,1453,3373.414538277,0.04016406461596489,0.0001,0,1770476523.6066844,0.030487973242998123
1456,1.0819296836853027,-2.1245057268970413e-08,0.02976050414144993,1456,3376.643432224,0.05088502913713455,0.0001,0,1770476526.8402393,0.032304756343364716
1457,1.0721163749694824,-2.0994036731281085e-08,0.031020037829875946,1457,3377.716897247,0.046826284378767014,0.0001,0,1770476527.9130816,0.03336135298013687
1458,1.0724611282348633,-2.0863069494225783e-08,0.0272009689360857,1458,3378.788992724,0.03292296081781387,0.0001,0,1770476528.986298,0.028847116976976395
1462,1.0742123126983643,-2.0954644242010545e-08,0.026667293161153793,1462,3383.094874684,0.03849179670214653,0.0001,0,1770476533.2906692,0.028591882437467575
1465,1.0911426544189453,-2.1037465103290742e-08,0.02968878112733364,1465,3386.333183218,0.0498112328350544,0.0001,0,1770476536.5292177,0.032179344445466995
1467,1.0735559463500977,-2.0939182832080405e-08,0.0288692619651556,1467,3388.478815935,0.043216586112976074,0.0001,0,1770476538.6772525,0.031030090525746346
1468,1.0702002048492432,0.06796420365571976,0.032499443739652634,1468,3389.550556041,0.03881749510765076,0.0001,0,1770476539.7485054,0.035799603909254074
1469,1.070446491241455,0.05261814594268799,0.028731632977724075,1469,3390.62221189,0.04110672324895859,0.0001,0,1770476540.8201802,0.03183933347463608
1473,1.070603847503662,0.04478946328163147,0.02795526385307312,1473,3394.91184931,0.03290431946516037,0.0001,0,1770476545.1068711,0.030496269464492798
1474,1.0712051391601562,0.0183731522411108,0.032259441912174225,1474,3396.000259678,0.04776692017912865,0.0001,0,1770476546.1793852,0.035015251487493515
